{"0":{"Date":1626998400000,"histogram":-0.4508524279,"ticker":"CSTL"},"1":{"Date":1626912000000,"histogram":-0.6335580377,"ticker":"CSTL"},"2":{"Date":1626825600000,"histogram":-0.8215766669,"ticker":"CSTL"},"3":{"Date":1626739200000,"histogram":-1.1105415389,"ticker":"CSTL"},"4":{"Date":1626652800000,"histogram":-1.3153811334,"ticker":"CSTL"},"5":{"Date":1626393600000,"histogram":-1.2934907836,"ticker":"CSTL"}}