{"0":{"Date":1623024000000,"Open":62.71,"High":68.11,"Low":62.52,"Close":67.18,"Volume":237651.0,"OpenInterest":0.0,"sma":61.756,"rsi":62.8974137922,"macd":0.029801324,"signal":-1.1337462556,"histogram":1.1635475796,"ticker":"CSTL"}}