{"0":{"Close":227.77,"Date":1626220800000,"High":228.76,"Low":224.1676,"Open":223.99,"OpenInterest":0.0,"Volume":2242595.0,"histogram":1.2207764589,"macd":0.479099699,"rsi":60.8348313549,"signal":-0.7416767599,"sma":224.064,"ticker":"HON"},"1":{"Close":184.49,"Date":1626048000000,"High":184.99,"Low":177.37,"Open":177.72,"OpenInterest":0.0,"Volume":17349860.0,"histogram":0.6696490058,"macd":0.1813616447,"rsi":65.5862486069,"signal":-0.4882873611,"sma":176.168,"ticker":"DIS"},"2":{"Close":115.73,"Date":1625529600000,"High":115.9,"Low":114.77,"Open":115.26,"OpenInterest":0.0,"Volume":4476543.0,"histogram":0.0753969036,"macd":0.139671553,"rsi":57.5599453981,"signal":0.0642746494,"sma":114.01,"ticker":"ABBV"},"3":{"Close":78.22,"Date":1624579200000,"High":78.35,"Low":75.8,"Open":75.925,"OpenInterest":0.0,"Volume":15555490.0,"histogram":0.5841725258,"macd":0.1495975767,"rsi":63.6652076701,"signal":-0.4345749491,"sma":74.444,"ticker":"JD"},"4":{"Close":181.49,"Date":1624492800000,"High":184.96,"Low":178.77,"Open":181.6,"OpenInterest":0.0,"Volume":2364399.0,"histogram":2.4325795975,"macd":0.3172882821,"rsi":60.0547958645,"signal":-2.1152913154,"sma":175.93,"ticker":"ETSY"},"5":{"Close":341.55,"Date":1624492800000,"High":344.91,"Low":339.56,"Open":342.4,"OpenInterest":0.0,"Volume":215145.0,"histogram":1.3235868982,"macd":0.1193750215,"rsi":54.5716958035,"signal":-1.2042118767,"sma":337.87,"ticker":"ANSS"},"6":{"Close":512.74,"Date":1624406400000,"High":516.63,"Low":508.2,"Open":508.59,"OpenInterest":0.0,"Volume":3114921.0,"histogram":2.6318965233,"macd":0.6646287899,"rsi":60.4308425781,"signal":-1.9672677334,"sma":503.532,"ticker":"NFLX"},"7":{"Close":242.41,"Date":1624406400000,"High":245.205,"Low":240.5,"Open":241.79,"OpenInterest":0.0,"Volume":887178.0,"histogram":3.2807212147,"macd":0.7318170758,"rsi":59.1465856385,"signal":-2.5489041389,"sma":237.694,"ticker":"OKTA"},"8":{"Close":656.57,"Date":1624406400000,"High":657.204,"Low":630.04,"Open":631.87,"OpenInterest":0.0,"Volume":28566501.0,"histogram":6.7165274437,"macd":0.7090695188,"rsi":61.5161183165,"signal":-6.0074579249,"sma":628.202,"ticker":"TSLA"},"9":{"Close":114.47,"Date":1624320000000,"High":114.8,"Low":113.535,"Open":113.65,"OpenInterest":0.0,"Volume":1557274.0,"histogram":0.386536274,"macd":0.0984695111,"rsi":56.1815232108,"signal":-0.2880667628,"sma":113.766,"ticker":"ICE"},"10":{"Close":24.83,"Date":1624233600000,"High":24.99,"Low":23.92,"Open":24.78,"OpenInterest":0.0,"Volume":1373660.0,"histogram":0.9264643554,"macd":0.0821731473,"rsi":59.3795103793,"signal":-0.8442912081,"sma":24.396,"ticker":"IOVA"},"11":{"Close":57.63,"Date":1624233600000,"High":57.91,"Low":57.57,"Open":57.7,"OpenInterest":0.0,"Volume":7576421.0,"histogram":0.3996477763,"macd":1.0226876093,"rsi":74.8005818415,"signal":0.623039833,"sma":44.512,"ticker":"RAVN"},"12":{"Close":1468.855,"Date":1623974400000,"High":1482.73,"Low":1460.0,"Open":1465.1,"OpenInterest":0.0,"Volume":426671.0,"histogram":20.2355059856,"macd":4.4841646062,"rsi":61.4848452674,"signal":-15.7513413793,"sma":1438.921,"ticker":"MELI"},"13":{"Close":113.66,"Date":1623888000000,"High":117.3499,"Low":106.26,"Open":106.26,"OpenInterest":0.0,"Volume":503455.0,"histogram":1.8303297906,"macd":0.351370728,"rsi":55.8795536989,"signal":-1.4789590626,"sma":111.36,"ticker":"TWST"},"14":{"Close":247.05,"Date":1623888000000,"High":249.1,"Low":238.5,"Open":241.0,"OpenInterest":0.0,"Volume":1166469.0,"histogram":1.8881502966,"macd":0.2649698182,"rsi":53.502600321,"signal":-1.6231804784,"sma":245.54,"ticker":"SPOT"},"15":{"Close":225.15,"Date":1623801600000,"High":229.12,"Low":220.11,"Open":226.15,"OpenInterest":0.0,"Volume":8823763.0,"histogram":2.3246873447,"macd":0.0797485989,"rsi":53.6004301792,"signal":-2.2449387459,"sma":224.05,"ticker":"SQ"},"16":{"Close":334.43,"Date":1623801600000,"High":338.66,"Low":325.79,"Open":335.5,"OpenInterest":0.0,"Volume":1904152.0,"histogram":3.2705996428,"macd":0.2609271152,"rsi":53.6166481443,"signal":-3.0096725277,"sma":333.942,"ticker":"TWLO"},"17":{"Close":39.62,"Date":1623369600000,"High":39.62,"Low":37.91,"Open":38.18,"OpenInterest":0.0,"Volume":781507.0,"histogram":0.439365659,"macd":0.0458535817,"rsi":63.1806200095,"signal":-0.3935120774,"sma":37.582,"ticker":"TWOU"},"18":{"Close":424.08,"Date":1623369600000,"High":424.9,"Low":420.64,"Open":423.71,"OpenInterest":0.0,"Volume":130002.0,"histogram":0.9287922383,"macd":0.0831186752,"rsi":53.2672957892,"signal":-0.8456735631,"sma":420.78,"ticker":"TDY"},"19":{"Close":37.42,"Date":1623369600000,"High":38.25,"Low":36.61,"Open":37.74,"OpenInterest":0.0,"Volume":911778.0,"histogram":0.607283597,"macd":0.1808125131,"rsi":59.7950540788,"signal":-0.426471084,"sma":36.438,"ticker":"EDIT"},"20":{"Close":3349.65,"Date":1623283200000,"High":3351.0,"Low":3281.15,"Open":3282.01,"OpenInterest":0.0,"Volume":3100961.0,"histogram":11.9992623352,"macd":0.187588664,"rsi":61.1168862929,"signal":-11.8116736712,"sma":3260.108,"ticker":"AMZN"},"21":{"Close":68.25,"Date":1623283200000,"High":68.415,"Low":66.065,"Open":66.31,"OpenInterest":0.0,"Volume":7165411.0,"histogram":1.0220258529,"macd":0.1209208622,"rsi":60.2174617491,"signal":-0.9011049907,"sma":65.746,"ticker":"PINS"},"22":{"Close":119.98,"Date":1623196800000,"High":122.27,"Low":119.29,"Open":120.45,"OpenInterest":0.0,"Volume":759727.0,"histogram":0.9630277847,"macd":0.2083010656,"rsi":55.5919569409,"signal":-0.7547267191,"sma":116.222,"ticker":"CRSP"},"23":{"Close":59.71,"Date":1623196800000,"High":61.05,"Low":59.41,"Open":59.52,"OpenInterest":0.0,"Volume":12444420.0,"histogram":0.7982632725,"macd":0.0860530312,"rsi":57.2187340838,"signal":-0.7122102413,"sma":58.834,"ticker":"TWTR"},"24":{"Close":28.41,"Date":1623196800000,"High":29.16,"Low":27.94,"Open":28.89,"OpenInterest":0.0,"Volume":274894.0,"histogram":0.4672329914,"macd":0.0291359643,"rsi":59.6359018056,"signal":-0.4380970271,"sma":26.714,"ticker":"SGFY"},"25":{"Close":29.05,"Date":1623196800000,"High":29.63,"Low":28.46,"Open":29.01,"OpenInterest":0.0,"Volume":1665477.0,"histogram":0.5945233621,"macd":0.0505047894,"rsi":59.3612980063,"signal":-0.5440185727,"sma":27.432,"ticker":"PACB"},"26":{"Close":26.76,"Date":1623110400000,"High":26.915,"Low":26.38,"Open":26.4,"OpenInterest":0.0,"Volume":492381.0,"histogram":0.309255288,"macd":0.0295931573,"rsi":61.8415853612,"signal":-0.2796621306,"sma":26.014,"ticker":"KTOS"},"27":{"Close":78.37,"Date":1623110400000,"High":79.07,"Low":77.81,"Open":78.89,"OpenInterest":0.0,"Volume":1522721.0,"histogram":0.2346163631,"macd":0.0148572428,"rsi":50.8935797964,"signal":-0.2197591203,"sma":78.554,"ticker":"TRMB"},"28":{"Close":98.16,"Date":1623024000000,"High":98.42,"Low":94.23,"Open":94.41,"OpenInterest":0.0,"Volume":3547394.0,"histogram":0.9461604897,"macd":0.1531287469,"rsi":58.1075037687,"signal":-0.7930317428,"sma":94.704,"ticker":"U"},"29":{"Close":341.36,"Date":1623024000000,"High":342.35,"Low":325.295,"Open":327.01,"OpenInterest":0.0,"Volume":2538418.0,"histogram":1.1160540672,"macd":0.15289181,"rsi":52.3871638036,"signal":-0.9631622572,"sma":335.94,"ticker":"ROKU"},"30":{"Close":67.18,"Date":1623024000000,"High":68.11,"Low":62.52,"Open":62.71,"OpenInterest":0.0,"Volume":237651.0,"histogram":1.1635475793,"macd":0.0298013246,"rsi":62.8974138298,"signal":-1.1337462547,"sma":61.756,"ticker":"CSTL"},"31":{"Close":233.24,"Date":1622764800000,"High":234.89,"Low":209.935,"Open":209.935,"OpenInterest":0.0,"Volume":17700285.0,"histogram":3.7027893383,"macd":0.4016454835,"rsi":70.090598251,"signal":-3.3011438548,"sma":206.14,"ticker":"DOCU"},"32":{"Close":156.0,"Date":1622592000000,"High":156.15,"Low":150.27,"Open":151.0,"OpenInterest":0.0,"Volume":852321.0,"histogram":1.6360016525,"macd":0.3307457127,"rsi":56.9442763049,"signal":-1.3052559399,"sma":150.732,"ticker":"BILL"},"33":{"Close":73.71,"Date":1622505600000,"High":77.5399,"Low":72.19,"Open":75.42,"OpenInterest":0.0,"Volume":1185955.0,"histogram":1.1343457357,"macd":0.2598096012,"rsi":56.2599478912,