{"0":{"Close":34.0,"Date":1626134400000,"High":34.49,"Low":33.67,"Open":34.01,"OpenInterest":0.0,"Volume":287400.0,"histogram":0.1507172064,"macd":0.0673874514,"rsi":56.683084142,"signal":-0.0833297551,"sma":33.201,"ticker":"RPTX"},"1":{"Close":184.49,"Date":1626048000000,"High":184.99,"Low":177.37,"Open":177.72,"OpenInterest":0.0,"Volume":17349860.0,"histogram":0.6698425652,"macd":0.1807806604,"rsi":65.5903376743,"signal":-0.4890619048,"sma":176.168,"ticker":"DIS"},"2":{"Close":115.73,"Date":1625529600000,"High":115.9,"Low":114.77,"Open":115.26,"OpenInterest":0.0,"Volume":4476543.0,"histogram":0.0754088213,"macd":0.1396041607,"rsi":57.5595156545,"signal":0.0641953395,"sma":114.01,"ticker":"ABBV"},"3":{"Close":42.02,"Date":1624579200000,"High":42.4899,"Low":40.225,"Open":40.64,"OpenInterest":0.0,"Volume":785162.0,"histogram":0.9349213803,"macd":0.0146552056,"rsi":61.7815520781,"signal":-0.9202661747,"sma":39.656,"ticker":"VCYT"},"4":{"Close":78.22,"Date":1624579200000,"High":78.35,"Low":75.8,"Open":75.925,"OpenInterest":0.0,"Volume":15555490.0,"histogram":0.5841470153,"macd":0.1497243104,"rsi":63.6622059734,"signal":-0.4344227049,"sma":74.444,"ticker":"JD"},"5":{"Close":38.93,"Date":1624579200000,"High":38.99,"Low":37.77,"Open":38.42,"OpenInterest":0.0,"Volume":967266.0,"histogram":0.3562800345,"macd":0.0485993602,"rsi":57.6894565659,"signal":-0.3076806743,"sma":37.959,"ticker":"IONS"},"6":{"Close":181.49,"Date":1624492800000,"High":184.96,"Low":178.77,"Open":181.6,"OpenInterest":0.0,"Volume":2364399.0,"histogram":2.4326039198,"macd":0.3173452958,"rsi":60.0555709559,"signal":-2.1152586241,"sma":175.93,"ticker":"ETSY"},"7":{"Close":341.55,"Date":1624492800000,"High":344.91,"Low":339.56,"Open":342.4,"OpenInterest":0.0,"Volume":215145.0,"histogram":1.3235244731,"macd":0.119682333,"rsi":54.5714750931,"signal":-1.2038421402,"sma":337.87,"ticker":"ANSS"},"8":{"Close":242.41,"Date":1624406400000,"High":245.205,"Low":240.5,"Open":241.79,"OpenInterest":0.0,"Volume":887178.0,"histogram":3.280672005,"macd":0.7310706767,"rsi":59.1472879871,"signal":-2.5496013283,"sma":237.694,"ticker":"OKTA"},"9":{"Close":656.57,"Date":1624406400000,"High":657.204,"Low":630.04,"Open":631.87,"OpenInterest":0.0,"Volume":28566501.0,"histogram":6.7166170684,"macd":0.7105763661,"rsi":61.5199378799,"signal":-6.0060407023,"sma":628.202,"ticker":"TSLA"},"10":{"Close":512.74,"Date":1624406400000,"High":516.63,"Low":508.2,"Open":508.59,"OpenInterest":0.0,"Volume":3114921.0,"histogram":2.6321438571,"macd":0.6638443075,"rsi":60.4150386581,"signal":-1.9682995496,"sma":503.532,"ticker":"NFLX"},"11":{"Close":239.05,"Date":1624320000000,"High":239.42,"Low":236.27,"Open":236.53,"OpenInterest":0.0,"Volume":1111689.0,"histogram":1.9247109273,"macd":0.2019674349,"rsi":59.6121854954,"signal":-1.7227434924,"sma":235.528,"ticker":"WDAY"},"12":{"Close":39.09,"Date":1624320000000,"High":39.23,"Low":37.67,"Open":37.67,"OpenInterest":0.0,"Volume":156774.0,"histogram":0.0031199119,"macd":0.0325349716,"rsi":59.2429800437,"signal":0.0294150597,"sma":37.792,"ticker":"PRNT"},"13":{"Close":157.7,"Date":1624320000000,"High":158.25,"Low":153.76,"Open":155.04,"OpenInterest":0.0,"Volume":1906894.0,"histogram":1.4397779737,"macd":0.2976374234,"rsi":55.3826829156,"signal":-1.1421405504,"sma":155.404,"ticker":"TDOC"},"14":{"Close":114.47,"Date":1624320000000,"High":114.8,"Low":113.535,"Open":113.65,"OpenInterest":0.0,"Volume":1557274.0,"histogram":0.3863760365,"macd":0.09852529,"rsi":56.1812425932,"signal":-0.2878507465,"sma":113.766,"ticker":"ICE"},"15":{"Close":24.83,"Date":1624233600000,"High":24.99,"Low":23.92,"Open":24.78,"OpenInterest":0.0,"Volume":1373660.0,"histogram":0.9264532008,"macd":0.0823458886,"rsi":59.3694803307,"signal":-0.8441073123,"sma":24.396,"ticker":"IOVA"},"16":{"Close":57.63,"Date":1624233600000,"High":57.91,"Low":57.57,"Open":57.7,"OpenInterest":0.0,"Volume":7576421.0,"histogram":0.3996477761,"macd":1.0226876097,"rsi":74.8005818427,"signal":0.6230398336,"sma":44.512,"ticker":"RAVN"},"17":{"Close":1468.855,"Date":1623974400000,"High":1482.73,"Low":1460.0,"Open":1465.1,"OpenInterest":0.0,"Volume":426671.0,"histogram":20.2328530583,"macd":4.4588806447,"rsi":61.488252976,"signal":-15.7739724136,"sma":1438.921,"ticker":"MELI"},"18":{"Close":22.11,"Date":1623974400000,"High":22.18,"Low":19.75,"Open":20.06,"OpenInterest":0.0,"Volume":819392.0,"histogram":0.0957977915,"macd":0.1180800088,"rsi":58.5115059728,"signal":0.0222822173,"sma":20.818,"ticker":"CDXS"},"19":{"Close":32.3,"Date":1623888000000,"High":32.97,"Low":29.75,"Open":29.81,"OpenInterest":0.0,"Volume":3854203.0,"histogram":0.564805852,"macd":0.1076684909,"rsi":59.3506464008,"signal":-0.4571373612,"sma":31.14,"ticker":"NVTA"},"20":{"Close":113.66,"Date":1623888000000,"High":117.3499,"Low":106.26,"Open":106.26,"OpenInterest":0.0,"Volume":503455.0,"histogram":1.8284867986,"macd":0.3489670722,"rsi":55.8742530306,"signal":-1.4795197264,"sma":111.36,"ticker":"TWST"},"21":{"Close":247.05,"Date":1623888000000,"High":249.1,"Low":238.5,"Open":241.0,"OpenInterest":0.0,"Volume":1166469.0,"histogram":1.8857911575,"macd":0.2586966638,"rsi":53.4970757771,"signal":-1.6270944937,"sma":245.54,"ticker":"SPOT"},"22":{"Close":62.18,"Date":1623888000000,"High":62.72,"Low":58.63,"Open":58.63,"OpenInterest":0.0,"Volume":517901.0,"histogram":1.3565290523,"macd":0.2146565298,"rsi":60.1350954774,"signal":-1.1418725225,"sma":60.14,"ticker":"NSTG"},"23":{"Close":334.43,"Date":1623801600000,"High":338.66,"Low":325.79,"Open":335.5,"OpenInterest":0.0,"Volume":1904152.0,"histogram":3.2700523561,"macd":0.2636116832,"rsi":53.6120296279,"signal":-3.0064406729,"sma":333.972,"ticker":"TWLO"},"24":{"Close":225.15,"Date":1623801600000,"High":229.12,"Low":220.11,"Open":226.15,"OpenInterest":0.0,"Volume":8823763.0,"histogram":2.3243599967,"macd":0.0794149815,"rsi":53.5995304318,"signal":-2.2449450152,"sma":224.05,"ticker":"SQ"},"25":{"Close":424.08,"Date":1623369600000,"High":424.9,"Low":420.64,"Open":423.71,"OpenInterest":0.0,"Volume":130002.0,"histogram":0.9269027727,"macd":0.0861853084,"rsi":53.278717858,"signal":-0.8407174643,"sma":420.78,"ticker":"TDY"},"26":{"Close":39.62,"Date":1623369600000,"High":39.62,"Low":37.91,"Open":38.18,"OpenInterest":0.0,"Volume":781316.0,"histogram":0.439397914,"macd":0.0460816843,"rsi":63.1913821126,"signal":-0.3933162297,"sma":37.582,"ticker":"TWOU"},"27":{"Close":37.41,"Date":1623369600000,"High":38.25,"Low":36.61,"Open":37.74,"OpenInterest":0.0,"Volume":911688.0,"histogram":0.6066466872,"macd":0.1799258959,"rsi":59.7598461988,"signal":-0.4267207913,"sma":36.436,"ticker":"EDIT"},"28":{"Close":48.8,"Date":1623369600000,"High":49.035,"Low":46.71,"Open":47.29,"OpenInterest":0.0,"Volume":805685.0,"histogram":1.0237819803,"macd":0.1794145013,"rsi":63.2014880754,"signal":-0.844367479,"sma":45.942,"ticker":"BLI"},"29":{"Close":88.42,"Date":1623283200000,"High":88.95,"Low":80.0,"Open":82.52,"OpenInterest":0.0,"Volume":1346758.0,"histogram":1.696255576,"macd":0.2959559561,"rsi":64.6493726017,"signal":-1.4002996199,"sma":80.08,"ticker":"FATE"},"30":{"Close":3349.65,"Date":1623283200000,"High":3351.0,"Low":3281.15,"Open":3282.01,"OpenInterest":0.0,"Volume":3101042.0,"histogram":11.9938409803,"macd":0.1415735851,"rsi":61.1472781009,"signal":-11.8522673952,"sma":3260.108,"ticker":"AMZN"},"31":{"Close":39.88,"Date":1623283200000,"High":40.3525,"Low":38.34,"Open":38.73,"OpenInterest":0.0,"Volume":1121035.0,"histogram":0.193960001,"macd":0.0225975442,"rsi":53.237870436,"signal":-0.1713624568,"sma":38.01,"ticker":"PD"},"32":{"Close":68.25,"Date":1623283200000,"High":68.415,"Low":66.065,"Open":66.31,"OpenInterest":0.0,"Volume":7164843.0,"histogram":1.0221658396,"macd":0.1216803055,"rsi":60.2017796307,"signal":-0.9004855341,"sma":65.746,"ticker":"PINS"},"33":{"Close":28.41,"Date":1623196800000,"High":29.16,"Low":27.94,"Open":28.89,"OpenInterest":0.0,"Volume":274894.0,"histogram":0.4666471609,"macd":0.0276483322,"rsi":59.6268871177,"signal":-0.4389988287,