{"0":{"Close":115.73,"Date":1625529600000,"High":115.9,"Low":114.77,"Open":115.26,"OpenInterest":0.0,"Volume":4476543.0,"histogram":0.0754088212,"macd":0.1396041608,"rsi":57.5595156645,"signal":0.0641953396,"sma":114.01,"ticker":"ABBV"},"1":{"Close":42.02,"Date":1624579200000,"High":42.4899,"Low":40.225,"Open":40.64,"OpenInterest":0.0,"Volume":785162.0,"histogram":0.9349213804,"macd":0.0146552054,"rsi":61.7815520792,"signal":-0.9202661749,"sma":39.656,"ticker":"VCYT"},"2":{"Close":38.93,"Date":1624579200000,"High":38.99,"Low":37.77,"Open":38.42,"OpenInterest":0.0,"Volume":967266.0,"histogram":0.3562800346,"macd":0.0485993599,"rsi":57.6894565684,"signal":-0.3076806747,"sma":37.959,"ticker":"IONS"},"3":{"Close":118.6,"Date":1624579200000,"High":122.8623,"Low":117.94,"Open":121.75,"OpenInterest":0.0,"Volume":2166076.0,"histogram":1.4538510365,"macd":0.2113501898,"rsi":55.1639024997,"signal":-1.2425008467,"sma":116.892,"ticker":"Z"},"4":{"Close":181.49,"Date":1624492800000,"High":184.96,"Low":178.77,"Open":181.6,"OpenInterest":0.0,"Volume":2364399.0,"histogram":2.4326039196,"macd":0.3173452964,"rsi":60.055570963,"signal":-2.1152586232,"sma":175.93,"ticker":"ETSY"},"5":{"Close":341.55,"Date":1624492800000,"High":344.91,"Low":339.56,"Open":342.4,"OpenInterest":0.0,"Volume":215145.0,"histogram":1.3235244732,"macd":0.1196823328,"rsi":54.571475097,"signal":-1.2038421404,"sma":337.87,"ticker":"ANSS"},"6":{"Close":656.57,"Date":1624406400000,"High":657.204,"Low":630.04,"Open":631.87,"OpenInterest":0.0,"Volume":28566501.0,"histogram":6.7166170722,"macd":0.710576358,"rsi":61.5199378819,"signal":-6.0060407142,"sma":628.202,"ticker":"TSLA"},"7":{"Close":512.74,"Date":1624406400000,"High":516.63,"Low":508.2,"Open":508.59,"OpenInterest":0.0,"Volume":3114921.0,"histogram":2.6321438571,"macd":0.6638443075,"rsi":60.4150386541,"signal":-1.9682995496,"sma":503.532,"ticker":"NFLX"},"8":{"Close":242.41,"Date":1624406400000,"High":245.205,"Low":240.5,"Open":241.79,"OpenInterest":0.0,"Volume":887178.0,"histogram":3.2806720041,"macd":0.7310706786,"rsi":59.1472879887,"signal":-2.5496013255,"sma":237.694,"ticker":"OKTA"},"9":{"Close":114.47,"Date":1624320000000,"High":114.8,"Low":113.535,"Open":113.65,"OpenInterest":0.0,"Volume":1557274.0,"histogram":0.3863760365,"macd":0.0985252902,"rsi":56.1812426153,"signal":-0.2878507463,"sma":113.766,"ticker":"ICE"},"10":{"Close":157.7,"Date":1624320000000,"High":158.25,"Low":153.76,"Open":155.04,"OpenInterest":0.0,"Volume":1906894.0,"histogram":1.4397779739,"macd":0.297637423,"rsi":55.3826829034,"signal":-1.1421405509,"sma":155.404,"ticker":"TDOC"},"11":{"Close":239.05,"Date":1624320000000,"High":239.42,"Low":236.27,"Open":236.53,"OpenInterest":0.0,"Volume":1111689.0,"histogram":1.9247109272,"macd":0.2019674351,"rsi":59.612185502,"signal":-1.7227434922,"sma":235.528,"ticker":"WDAY"},"12":{"Close":39.09,"Date":1624320000000,"High":39.23,"Low":37.67,"Open":37.67,"OpenInterest":0.0,"Volume":156774.0,"histogram":0.0031199119,"macd":0.0325349716,"rsi":59.2429800443,"signal":0.0294150597,"sma":37.792,"ticker":"PRNT"},"13":{"Close":57.63,"Date":1624233600000,"High":57.91,"Low":57.57,"Open":57.7,"OpenInterest":0.0,"Volume":7576421.0,"histogram":0.3996477761,"macd":1.0226876097,"rsi":74.8005818412,"signal":0.6230398336,"sma":44.512,"ticker":"RAVN"},"14":{"Close":24.83,"Date":1624233600000,"High":24.99,"Low":23.92,"Open":24.78,"OpenInterest":0.0,"Volume":1373660.0,"histogram":0.9264532006,"macd":0.082345889,"rsi":59.3694803316,"signal":-0.8441073116,"sma":24.396,"ticker":"IOVA"},"15":{"Close":22.42,"Date":1624233600000,"High":23.6,"Low":21.86,"Open":22.5,"OpenInterest":0.0,"Volume":954804.0,"histogram":0.2595621798,"macd":0.1058575565,"rsi":61.1813733653,"signal":-0.1537046233,"sma":20.986,"ticker":"MCRB"},"16":{"Close":1468.855,"Date":1623974400000,"High":1482.73,"Low":1460.0,"Open":1465.1,"OpenInterest":0.0,"Volume":426671.0,"histogram":20.2328530534,"macd":4.458880655,"rsi":61.4882529758,"signal":-15.7739723984,"sma":1438.921,"ticker":"MELI"},"17":{"Close":22.11,"Date":1623974400000,"High":22.18,"Low":19.75,"Open":20.06,"OpenInterest":0.0,"Volume":819392.0,"histogram":0.0957977915,"macd":0.1180800089,"rsi":58.5115059804,"signal":0.0222822174,"sma":20.818,"ticker":"CDXS"},"18":{"Close":247.05,"Date":1623888000000,"High":249.1,"Low":238.5,"Open":241.0,"OpenInterest":0.0,"Volume":1166469.0,"histogram":1.885791157,"macd":0.2586966647,"rsi":53.497075771,"signal":-1.6270944923,"sma":245.54,"ticker":"SPOT"},"19":{"Close":113.66,"Date":1623888000000,"High":117.3499,"Low":106.26,"Open":106.26,"OpenInterest":0.0,"Volume":503455.0,"histogram":1.8284867984,"macd":0.3489670726,"rsi":55.8742530313,"signal":-1.4795197258,"sma":111.36,"ticker":"TWST"},"20":{"Close":32.3,"Date":1623888000000,"High":32.97,"Low":29.75,"Open":29.81,"OpenInterest":0.0,"Volume":3854203.0,"histogram":0.564805852,"macd":0.1076684909,"rsi":59.3506464048,"signal":-0.4571373612,"sma":31.14,"ticker":"NVTA"},"21":{"Close":62.18,"Date":1623888000000,"High":62.72,"Low":58.63,"Open":58.63,"OpenInterest":0.0,"Volume":517901.0,"histogram":1.3565290523,"macd":0.2146565298,"rsi":60.1350954798,"signal":-1.1418725225,"sma":60.14,"ticker":"NSTG"},"22":{"Close":66.3,"Date":1623888000000,"High":66.54,"Low":62.78,"Open":62.78,"OpenInterest":0.0,"Volume":1645782.0,"histogram":0.2068984194,"macd":0.1728490556,"rsi":59.7637611565,"signal":-0.0340493637,"sma":64.102,"ticker":"STNE"},"23":{"Close":334.43,"Date":1623801600000,"High":338.66,"Low":325.79,"Open":335.5,"OpenInterest":0.0,"Volume":1904152.0,"histogram":3.2700523535,"macd":0.2636116888,"rsi":53.6120296239,"signal":-3.0064406647,"sma":333.972,"ticker":"TWLO"},"24":{"Close":225.15,"Date":1623801600000,"High":229.12,"Low":220.11,"Open":226.15,"OpenInterest":0.0,"Volume":8823763.0,"histogram":2.3243599964,"macd":0.079414982,"rsi":53.5995304349,"signal":-2.2449450144,"sma":224.05,"ticker":"SQ"},"25":{"Close":38.36,"Date":1623715200000,"High":39.44,"Low":37.74,"Open":39.43,"OpenInterest":0.0,"Volume":584359.0,"histogram":0.4446172532,"macd":0.0682765343,"rsi":53.7263541291,"signal":-0.3763407188,"sma":37.988,"ticker":"ADPT"},"26":{"Close":37.41,"Date":1623369600000,"High":38.25,"Low":36.61,"Open":37.74,"OpenInterest":0.0,"Volume":911688.0,"histogram":0.6066466871,"macd":0.179925896,"rsi":59.7598462035,"signal":-0.4267207911,"sma":36.436,"ticker":"EDIT"},"27":{"Close":39.62,"Date":1623369600000,"High":39.62,"Low":37.91,"Open":38.18,"OpenInterest":0.0,"Volume":781316.0,"histogram":0.4393979136,"macd":0.0460816851,"rsi":63.1913821304,"signal":-0.3933162285,"sma":37.582,"ticker":"TWOU"},"28":{"Close":424.08,"Date":1623369600000,"High":424.9,"Low":420.64,"Open":423.71,"OpenInterest":0.0,"Volume":130002.0,"histogram":0.9269027722,"macd":0.0861853094,"rsi":53.2787178568,"signal":-0.8407174628,"sma":420.78,"ticker":"TDY"},"29":{"Close":48.8,"Date":1623369600000,"High":49.035,"Low":46.71,"Open":47.29,"OpenInterest":0.0,"Volume":805685.0,"histogram":1.0237819803,"macd":0.1794145013,"rsi":63.2014880754,"signal":-0.844367479,"sma":45.942,"ticker":"BLI"},"30":{"Close":3349.65,"Date":1623283200000,"High":3351.0,"Low":3281.15,"Open":3282.01,"OpenInterest":0.0,"Volume":3101042.0,"histogram":11.9938409868,"macd":0.1415735713,"rsi":61.1472781002,"signal":-11.8522674155,"sma":3260.108,"ticker":"AMZN"},"31":{"Close":39.88,"Date":1623283200000,"High":40.3525,"Low":38.34,"Open":38.73,"OpenInterest":0.0,"Volume":1121035.0,"histogram":0.1939600007,"macd":0.0225975447,"rsi":53.2378704361,"signal":-0.171362456,"sma":38.01,"ticker":"PD"},"32":{"Close":121.91,"Date":1623283200000,"High":122.19,"Low":117.505,"Open":119.2,"OpenInterest":0.0,"Volume":1181712.0,"histogram":2.4404951512,"macd":0.5298014993,"rsi":64.3506651281,"signal":-1.9106936519,"sma":114.878,"ticker":"EXAS"},"33":{"Close":88.42,"Date":1623283200000,"High":88.95,"Low":80.0,"Open":82.52,"OpenInterest":0.0,"Volume":1346758.0,"histogram":1.6962555761,"macd":0.295955956,"rsi":64.6493725982,"signal":-1.4002996201,