{"0":{"Close":106.665,"Date":1625788800000,"High":106.83,"Low":100.001,"Open":101.02,"OpenInterest":0.0,"Volume":291258.0,"histogram":0.250722465,"macd":0.046001519,"rsi":51.0629071869,"signal":-0.204720946,"sma":105.479,"ticker":"SI"},"1":{"Close":115.73,"Date":1625529600000,"High":115.9,"Low":114.77,"Open":115.26,"OpenInterest":0.0,"Volume":4476543.0,"histogram":0.0754088212,"macd":0.1396041608,"rsi":57.5595156576,"signal":0.0641953396,"sma":114.01,"ticker":"ABBV"},"2":{"Close":42.02,"Date":1624579200000,"High":42.4899,"Low":40.225,"Open":40.64,"OpenInterest":0.0,"Volume":785162.0,"histogram":0.9349213804,"macd":0.0146552054,"rsi":61.7815520847,"signal":-0.920266175,"sma":39.656,"ticker":"VCYT"},"3":{"Close":118.6,"Date":1624579200000,"High":122.8623,"Low":117.94,"Open":121.75,"OpenInterest":0.0,"Volume":2166076.0,"histogram":1.4538510364,"macd":0.21135019,"rsi":55.1639024988,"signal":-1.2425008464,"sma":116.892,"ticker":"Z"},"4":{"Close":38.93,"Date":1624579200000,"High":38.99,"Low":37.77,"Open":38.42,"OpenInterest":0.0,"Volume":967266.0,"histogram":0.3562800347,"macd":0.0485993598,"rsi":57.6894565873,"signal":-0.3076806749,"sma":37.959,"ticker":"IONS"},"5":{"Close":181.49,"Date":1624492800000,"High":184.96,"Low":178.77,"Open":181.6,"OpenInterest":0.0,"Volume":2364399.0,"histogram":2.4326039191,"macd":0.3173452972,"rsi":60.0555709671,"signal":-2.1152586219,"sma":175.93,"ticker":"ETSY"},"6":{"Close":341.55,"Date":1624492800000,"High":344.91,"Low":339.56,"Open":342.4,"OpenInterest":0.0,"Volume":215145.0,"histogram":1.3235244733,"macd":0.1196823328,"rsi":54.5714751007,"signal":-1.2038421405,"sma":337.87,"ticker":"ANSS"},"7":{"Close":242.41,"Date":1624406400000,"High":245.205,"Low":240.5,"Open":241.79,"OpenInterest":0.0,"Volume":887178.0,"histogram":3.2806720032,"macd":0.7310706807,"rsi":59.1472879918,"signal":-2.5496013225,"sma":237.694,"ticker":"OKTA"},"8":{"Close":512.74,"Date":1624406400000,"High":516.63,"Low":508.2,"Open":508.59,"OpenInterest":0.0,"Volume":3114921.0,"histogram":2.6321438567,"macd":0.6638443083,"rsi":60.4150386657,"signal":-1.9682995484,"sma":503.532,"ticker":"NFLX"},"9":{"Close":656.57,"Date":1624406400000,"High":657.204,"Low":630.04,"Open":631.87,"OpenInterest":0.0,"Volume":28566501.0,"histogram":6.7166170719,"macd":0.7105763585,"rsi":61.5199379013,"signal":-6.0060407134,"sma":628.202,"ticker":"TSLA"},"10":{"Close":39.09,"Date":1624320000000,"High":39.23,"Low":37.67,"Open":37.67,"OpenInterest":0.0,"Volume":156774.0,"histogram":0.0031199119,"macd":0.0325349715,"rsi":59.2429800455,"signal":0.0294150597,"sma":37.792,"ticker":"PRNT"},"11":{"Close":24.79,"Date":1624320000000,"High":26.33,"Low":22.27,"Open":22.3,"OpenInterest":0.0,"Volume":6977446.0,"histogram":0.0832867942,"macd":0.1158812948,"rsi":62.4849592504,"signal":0.0325945006,"sma":22.47598,"ticker":"SSYS"},"12":{"Close":157.7,"Date":1624320000000,"High":158.25,"Low":153.76,"Open":155.04,"OpenInterest":0.0,"Volume":1906894.0,"histogram":1.4397779737,"macd":0.2976374235,"rsi":55.3826829144,"signal":-1.1421405501,"sma":155.404,"ticker":"TDOC"},"13":{"Close":239.05,"Date":1624320000000,"High":239.42,"Low":236.27,"Open":236.53,"OpenInterest":0.0,"Volume":1111689.0,"histogram":1.924710927,"macd":0.2019674354,"rsi":59.6121855044,"signal":-1.7227434916,"sma":235.528,"ticker":"WDAY"},"14":{"Close":114.47,"Date":1624320000000,"High":114.8,"Low":113.535,"Open":113.65,"OpenInterest":0.0,"Volume":1557274.0,"histogram":0.3863760364,"macd":0.0985252904,"rsi":56.1812426204,"signal":-0.287850746,"sma":113.766,"ticker":"ICE"},"15":{"Close":19.4,"Date":1624233600000,"High":19.435,"Low":18.52,"Open":18.86,"OpenInterest":0.0,"Volume":2864424.0,"histogram":0.0847573733,"macd":0.0177105488,"rsi":53.535559747,"signal":-0.0670468246,"sma":19.23,"ticker":"PSTG"},"16":{"Close":24.83,"Date":1624233600000,"High":24.99,"Low":23.92,"Open":24.78,"OpenInterest":0.0,"Volume":1373660.0,"histogram":0.9264532004,"macd":0.0823458894,"rsi":59.3694803314,"signal":-0.844107311,"sma":24.396,"ticker":"IOVA"},"17":{"Close":22.42,"Date":1624233600000,"High":23.6,"Low":21.86,"Open":22.5,"OpenInterest":0.0,"Volume":954804.0,"histogram":0.2595621797,"macd":0.1058575566,"rsi":61.1813733655,"signal":-0.1537046231,"sma":20.986,"ticker":"MCRB"},"18":{"Close":57.63,"Date":1624233600000,"High":57.91,"Low":57.57,"Open":57.7,"OpenInterest":0.0,"Volume":7576421.0,"histogram":0.3996477762,"macd":1.0226876096,"rsi":74.8005818423,"signal":0.6230398334,"sma":44.512,"ticker":"RAVN"},"19":{"Close":22.11,"Date":1623974400000,"High":22.18,"Low":19.75,"Open":20.06,"OpenInterest":0.0,"Volume":819392.0,"histogram":0.0957977915,"macd":0.1180800089,"rsi":58.5115059822,"signal":0.0222822174,"sma":20.818,"ticker":"CDXS"},"20":{"Close":1468.855,"Date":1623974400000,"High":1482.73,"Low":1460.0,"Open":1465.1,"OpenInterest":0.0,"Volume":426671.0,"histogram":20.2328530489,"macd":4.4588806645,"rsi":61.4882529726,"signal":-15.7739723844,"sma":1438.921,"ticker":"MELI"},"21":{"Close":62.18,"Date":1623888000000,"High":62.72,"Low":58.63,"Open":58.63,"OpenInterest":0.0,"Volume":517901.0,"histogram":1.3565290523,"macd":0.2146565299,"rsi":60.1350954824,"signal":-1.1418725224,"sma":60.14,"ticker":"NSTG"},"22":{"Close":113.66,"Date":1623888000000,"High":117.3499,"Low":106.26,"Open":106.26,"OpenInterest":0.0,"Volume":503455.0,"histogram":1.8284867982,"macd":0.3489670732,"rsi":55.8742530338,"signal":-1.479519725,"sma":111.36,"ticker":"TWST"},"23":{"Close":247.05,"Date":1623888000000,"High":249.1,"Low":238.5,"Open":241.0,"OpenInterest":0.0,"Volume":1166469.0,"histogram":1.8857911568,"macd":0.2586966651,"rsi":53.4970757666,"signal":-1.6270944917,"sma":245.54,"ticker":"SPOT"},"24":{"Close":66.3,"Date":1623888000000,"High":66.54,"Low":62.78,"Open":62.78,"OpenInterest":0.0,"Volume":1645782.0,"histogram":0.2068984196,"macd":0.172849055,"rsi":59.7637611649,"signal":-0.0340493646,"sma":64.102,"ticker":"STNE"},"25":{"Close":32.3,"Date":1623888000000,"High":32.97,"Low":29.75,"Open":29.81,"OpenInterest":0.0,"Volume":3854203.0,"histogram":0.564805852,"macd":0.1076684909,"rsi":59.3506464114,"signal":-0.4571373611,"sma":31.14,"ticker":"NVTA"},"26":{"Close":334.43,"Date":1623801600000,"High":338.66,"Low":325.79,"Open":335.5,"OpenInterest":0.0,"Volume":1904152.0,"histogram":3.2700523507,"macd":0.2636116946,"rsi":53.612029623,"signal":-3.0064406561,"sma":333.972,"ticker":"TWLO"},"27":{"Close":225.15,"Date":1623801600000,"High":229.12,"Low":220.11,"Open":226.15,"OpenInterest":0.0,"Volume":8823763.0,"histogram":2.3243599961,"macd":0.0794149826,"rsi":53.599530434,"signal":-2.2449450135,"sma":224.05,"ticker":"SQ"},"28":{"Close":38.36,"Date":1623715200000,"High":39.44,"Low":37.74,"Open":39.43,"OpenInterest":0.0,"Volume":584359.0,"histogram":0.444617253,"macd":0.0682765347,"rsi":53.7263541399,"signal":-0.3763407183,"sma":37.988,"ticker":"ADPT"},"29":{"Close":48.8,"Date":1623369600000,"High":49.035,"Low":46.71,"Open":47.29,"OpenInterest":0.0,"Volume":805685.0,"histogram":1.0237819803,"macd":0.1794145013,"rsi":63.2014880754,"signal":-0.844367479,"sma":45.942,"ticker":"BLI"},"30":{"Close":39.62,"Date":1623369600000,"High":39.62,"Low":37.91,"Open":38.18,"OpenInterest":0.0,"Volume":781316.0,"histogram":0.4393979132,"macd":0.046081686,"rsi":63.1913821392,"signal":-0.3933162273,"sma":37.582,"ticker":"TWOU"},"31":{"Close":37.41,"Date":1623369600000,"High":38.25,"Low":36.61,"Open":37.74,"OpenInterest":0.0,"Volume":911688.0,"histogram":0.6066466868,"macd":0.1799258965,"rsi":59.7598462284,"signal":-0.4267207903,"sma":36.436,"ticker":"EDIT"},"32":{"Close":424.08,"Date":1623369600000,"High":424.9,"Low":420.64,"Open":423.71,"OpenInterest":0.0,"Volume":130002.0,"histogram":0.9269027723,"macd":0.0861853093,"rsi":53.2787178508,"signal":-0.840717463,"sma":420.78,"ticker":"TDY"},"33":{"Close":68.25,"Date":1623283200000,"High":68.415,"Low":66.065,"Open":66.31,"OpenInterest":0.0,"Volume":7164843.0,"histogram":1.02216584,"macd":0.1216803045,"rsi":60.2017796412,"signal":-0.9004855355,"sma":65.746,