{"0":{"Close":115.73,"Date":1625529600000,"High":115.9,"Low":114.77,"Open":115.26,"OpenInterest":0.0,"Volume":4476543.0,"histogram":0.0753969033,"macd":0.1396715535,"rsi":57.5599453943,"signal":0.0642746502,"sma":114.01,"ticker":"ABBV"},"1":{"Close":78.22,"Date":1624579200000,"High":78.35,"Low":75.8,"Open":75.925,"OpenInterest":0.0,"Volume":15555490.0,"histogram":0.5841725255,"macd":0.1495975774,"rsi":63.6652076664,"signal":-0.4345749481,"sma":74.444,"ticker":"JD"},"2":{"Close":118.6,"Date":1624579200000,"High":122.8623,"Low":117.94,"Open":121.75,"OpenInterest":0.0,"Volume":2166076.0,"histogram":1.4538306448,"macd":0.2112227917,"rsi":55.1635336708,"signal":-1.2426078531,"sma":116.892,"ticker":"Z"},"3":{"Close":42.02,"Date":1624579200000,"High":42.4899,"Low":40.225,"Open":40.64,"OpenInterest":0.0,"Volume":785162.0,"histogram":0.934816049,"macd":0.0151040157,"rsi":61.7923001505,"signal":-0.9197120333,"sma":39.656,"ticker":"VCYT"},"4":{"Close":38.93,"Date":1624579200000,"High":38.99,"Low":37.77,"Open":38.42,"OpenInterest":0.0,"Volume":967266.0,"histogram":0.3562664185,"macd":0.0486551346,"rsi":57.6898020723,"signal":-0.3076112839,"sma":37.959,"ticker":"IONS"},"5":{"Close":181.49,"Date":1624492800000,"High":184.96,"Low":178.77,"Open":181.6,"OpenInterest":0.0,"Volume":2364399.0,"histogram":2.4325795962,"macd":0.3172882849,"rsi":60.054795881,"signal":-2.1152913113,"sma":175.93,"ticker":"ETSY"},"6":{"Close":341.55,"Date":1624492800000,"High":344.91,"Low":339.56,"Open":342.4,"OpenInterest":0.0,"Volume":215145.0,"histogram":1.3235868983,"macd":0.1193750214,"rsi":54.5716957972,"signal":-1.2042118769,"sma":337.87,"ticker":"ANSS"},"7":{"Close":512.74,"Date":1624406400000,"High":516.63,"Low":508.2,"Open":508.59,"OpenInterest":0.0,"Volume":3114921.0,"histogram":2.6318965216,"macd":0.6646287935,"rsi":60.4308425978,"signal":-1.9672677281,"sma":503.532,"ticker":"NFLX"},"8":{"Close":656.57,"Date":1624406400000,"High":657.204,"Low":630.04,"Open":631.87,"OpenInterest":0.0,"Volume":28566501.0,"histogram":6.7165274524,"macd":0.7090695003,"rsi":61.5161182989,"signal":-6.0074579521,"sma":628.202,"ticker":"TSLA"},"9":{"Close":242.41,"Date":1624406400000,"High":245.205,"Low":240.5,"Open":241.79,"OpenInterest":0.0,"Volume":887178.0,"histogram":3.2807212104,"macd":0.731817085,"rsi":59.1465856496,"signal":-2.5489041255,"sma":237.694,"ticker":"OKTA"},"10":{"Close":114.47,"Date":1624320000000,"High":114.8,"Low":113.535,"Open":113.65,"OpenInterest":0.0,"Volume":1557274.0,"histogram":0.3865362734,"macd":0.0984695123,"rsi":56.1815232316,"signal":-0.2880667611,"sma":113.766,"ticker":"ICE"},"11":{"Close":157.7,"Date":1624320000000,"High":158.25,"Low":153.76,"Open":155.04,"OpenInterest":0.0,"Volume":1906894.0,"histogram":1.4397501892,"macd":0.2961893464,"rsi":55.3841653972,"signal":-1.1435608428,"sma":155.404,"ticker":"TDOC"},"12":{"Close":39.09,"Date":1624320000000,"High":39.23,"Low":37.67,"Open":37.67,"OpenInterest":0.0,"Volume":156774.0,"histogram":0.0031199119,"macd":0.0325349714,"rsi":59.2429800325,"signal":0.0294150595,"sma":37.792,"ticker":"PRNT"},"13":{"Close":239.05,"Date":1624320000000,"High":239.42,"Low":236.27,"Open":236.53,"OpenInterest":0.0,"Volume":1111689.0,"histogram":1.9245969684,"macd":0.20254176,"rsi":59.6088974684,"signal":-1.7220552083,"sma":235.528,"ticker":"WDAY"},"14":{"Close":24.79,"Date":1624320000000,"High":26.33,"Low":22.27,"Open":22.3,"OpenInterest":0.0,"Volume":6977446.0,"histogram":0.0831371999,"macd":0.1159268641,"rsi":62.466758445,"signal":0.0327896642,"sma":22.47598,"ticker":"SSYS"},"15":{"Close":57.63,"Date":1624233600000,"High":57.91,"Low":57.57,"Open":57.7,"OpenInterest":0.0,"Volume":7576421.0,"histogram":0.3996477763,"macd":1.0226876093,"rsi":74.8005818376,"signal":0.623039833,"sma":44.512,"ticker":"RAVN"},"16":{"Close":24.83,"Date":1624233600000,"High":24.99,"Low":23.92,"Open":24.78,"OpenInterest":0.0,"Volume":1373660.0,"histogram":0.9264643543,"macd":0.0821731497,"rsi":59.3795103825,"signal":-0.8442912046,"sma":24.396,"ticker":"IOVA"},"17":{"Close":19.4,"Date":1624233600000,"High":19.435,"Low":18.52,"Open":18.86,"OpenInterest":0.0,"Volume":2864424.0,"histogram":0.0846887308,"macd":0.0180331791,"rsi":53.5437411202,"signal":-0.0666555518,"sma":19.23,"ticker":"PSTG"},"18":{"Close":22.42,"Date":1624233600000,"High":23.6,"Low":21.86,"Open":22.5,"OpenInterest":0.0,"Volume":954804.0,"histogram":0.2596211198,"macd":0.1055467496,"rsi":61.1868449091,"signal":-0.1540743702,"sma":20.986,"ticker":"MCRB"},"19":{"Close":1468.855,"Date":1623974400000,"High":1482.73,"Low":1460.0,"Open":1465.1,"OpenInterest":0.0,"Volume":426671.0,"histogram":20.2355059637,"macd":4.4841646527,"rsi":61.4848453045,"signal":-15.751341311,"sma":1438.921,"ticker":"MELI"},"20":{"Close":22.11,"Date":1623974400000,"High":22.18,"Low":19.75,"Open":20.06,"OpenInterest":0.0,"Volume":819392.0,"histogram":0.0958001495,"macd":0.1180883258,"rsi":58.506291545,"signal":0.0222881763,"sma":20.818,"ticker":"CDXS"},"21":{"Close":66.3,"Date":1623888000000,"High":66.54,"Low":62.78,"Open":62.78,"OpenInterest":0.0,"Volume":1645782.0,"histogram":0.2069424446,"macd":0.1727951791,"rsi":59.7776182818,"signal":-0.0341472655,"sma":64.102,"ticker":"STNE"},"22":{"Close":113.66,"Date":1623888000000,"High":117.3499,"Low":106.26,"Open":106.26,"OpenInterest":0.0,"Volume":503455.0,"histogram":1.8303297895,"macd":0.3513707305,"rsi":55.8795537035,"signal":-1.478959059,"sma":111.36,"ticker":"TWST"},"23":{"Close":247.05,"Date":1623888000000,"High":249.1,"Low":238.5,"Open":241.0,"OpenInterest":0.0,"Volume":1166469.0,"histogram":1.8881502938,"macd":0.2649698241,"rsi":53.5026002908,"signal":-1.6231804697,"sma":245.54,"ticker":"SPOT"},"24":{"Close":62.18,"Date":1623888000000,"High":62.72,"Low":58.63,"Open":58.63,"OpenInterest":0.0,"Volume":517901.0,"histogram":1.3565255373,"macd":0.2154696837,"rsi":60.1213896035,"signal":-1.1410558537,"sma":60.14,"ticker":"NSTG"},"25":{"Close":32.3,"Date":1623888000000,"High":32.97,"Low":29.75,"Open":29.81,"OpenInterest":0.0,"Volume":3854203.0,"histogram":0.5648714791,"macd":0.1073477588,"rsi":59.3402090954,"signal":-0.4575237203,"sma":31.138,"ticker":"NVTA"},"26":{"Close":334.43,"Date":1623801600000,"High":338.66,"Low":325.79,"Open":335.5,"OpenInterest":0.0,"Volume":1904152.0,"histogram":3.270599628,"macd":0.2609271467,"rsi":53.6166481899,"signal":-3.0096724814,"sma":333.942,"ticker":"TWLO"},"27":{"Close":225.15,"Date":1623801600000,"High":229.12,"Low":220.11,"Open":226.15,"OpenInterest":0.0,"Volume":8823763.0,"histogram":2.3246873431,"macd":0.0797486024,"rsi":53.6004301884,"signal":-2.2449387407,"sma":224.05,"ticker":"SQ"},"28":{"Close":38.36,"Date":1623715200000,"High":39.44,"Low":37.74,"Open":39.43,"OpenInterest":0.0,"Volume":584359.0,"histogram":0.4446030482,"macd":0.0684368579,"rsi":53.7272089126,"signal":-0.3761661903,"sma":37.988,"ticker":"ADPT"},"29":{"Close":39.62,"Date":1623369600000,"High":39.62,"Low":37.91,"Open":38.18,"OpenInterest":0.0,"Volume":781507.0,"histogram":0.4393656568,"macd":0.0458535863,"rsi":63.1806200315,"signal":-0.3935120705,"sma":37.582,"ticker":"TWOU"},"30":{"Close":48.8,"Date":1623369600000,"High":49.035,"Low":46.71,"Open":47.29,"OpenInterest":0.0,"Volume":805525.0,"histogram":1.0237787921,"macd":0.1801286664,"rsi":63.2085558392,"signal":-0.8436501257,"sma":45.942,"ticker":"BLI"},"31":{"Close":37.42,"Date":1623369600000,"High":38.25,"Low":36.61,"Open":37.74,"OpenInterest":0.0,"Volume":911778.0,"histogram":0.6072835962,"macd":0.1808125148,"rsi":59.7950540669,"signal":-0.4264710813,"sma":36.438,"ticker":"EDIT"},"32":{"Close":3349.65,"Date":1623283200000,"High":3351.0,"Low":3281.15,"Open":3282.01,"OpenInterest":0.0,"Volume":3100961.0,"histogram":11.9992623544,"macd":0.1875886232,"rsi":61.1168862431,"signal":-11.8116737312,"sma":3260.108,"ticker":"AMZN"},"33":{"Close":68.25,"Date":1623283200000,"High":68.415,"Low":66.065,"Open":66.31,"OpenInterest":0.0,"Volume":7165411.0,"histogram":1.0220258537,"macd":0.1209208606,"rsi":60.2174617277,"signal":-0.9011049932,