{"0":{"Date":1626652800000,"Open":63.98,"High":65.4,"Low":63.75,"Close":64.65,"Volume":167459.0,"OpenInterest":0.0,"sma":66.39,"rsi":38.2450752549,"macd":-0.715244181,"signal":0.6001369524,"histogram":-1.3153811334,"ticker":"CSTL"}}