{"0":{"Close":53.7,"Date":1625616000000,"High":53.84,"Low":52.43,"Open":52.47,"OpenInterest":0.0,"Volume":2654565.0,"histogram":0.2040939742,"macd":0.1158066818,"rsi":65.5810730116,"signal":-0.0882872924,"sma":52.562,"ticker":"FAST"},"1":{"Close":143.41,"Date":1625184000000,"High":143.91,"Low":142.13,"Open":143.45,"OpenInterest":0.0,"Volume":992988.0,"histogram":0.0572653247,"macd":0.0091774781,"rsi":53.23544093,"signal":-0.0480878466,"sma":143.298,"ticker":"EA"},"2":{"Close":113.4,"Date":1625097600000,"High":113.49,"Low":111.81,"Open":111.97,"OpenInterest":0.0,"Volume":4174267.0,"histogram":0.1840945586,"macd":0.0488257776,"rsi":56.685239316,"signal":-0.135268781,"sma":112.554,"ticker":"SBUX"},"3":{"Close":125.0,"Date":1625097600000,"High":125.355,"Low":124.0,"Open":124.0,"OpenInterest":0.0,"Volume":1275263.0,"histogram":0.8451002153,"macd":0.0492574066,"rsi":58.1175477615,"signal":-0.7958428088,"sma":123.308,"ticker":"ROST"},"4":{"Close":246.9,"Date":1625097600000,"High":247.1,"Low":243.55,"Open":243.74,"OpenInterest":0.0,"Volume":1641035.0,"histogram":0.962838307,"macd":0.1670958415,"rsi":60.5439490732,"signal":-0.7957424655,"sma":243.722,"ticker":"AMGN"},"5":{"Close":176.76,"Date":1625097600000,"High":177.06,"Low":175.21,"Open":175.5,"OpenInterest":0.0,"Volume":683266.0,"histogram":0.6243116769,"macd":0.2067974554,"rsi":57.3268324862,"signal":-0.4175142215,"sma":174.879,"ticker":"VRSK"},"6":{"Close":78.22,"Date":1624579200000,"High":78.35,"Low":75.8,"Open":75.925,"OpenInterest":0.0,"Volume":15555490.0,"histogram":0.5841991758,"macd":0.1496042979,"rsi":63.6624265243,"signal":-0.4345948779,"sma":74.444,"ticker":"JD"},"7":{"Close":177.78,"Date":1624492800000,"High":178.655,"Low":175.04,"Open":175.04,"OpenInterest":0.0,"Volume":1221160.0,"histogram":0.9258489496,"macd":0.3462323887,"rsi":60.1236882582,"signal":-0.5796165609,"sma":172.54,"ticker":"SWKS"},"8":{"Close":286.95,"Date":1624492800000,"High":289.1,"Low":285.88,"Open":286.71,"OpenInterest":0.0,"Volume":703947.0,"histogram":1.1021784108,"macd":0.3620834957,"rsi":56.6982675988,"signal":-0.7400949151,"sma":283.608,"ticker":"ADSK"},"9":{"Close":341.55,"Date":1624492800000,"High":344.91,"Low":339.56,"Open":342.4,"OpenInterest":0.0,"Volume":215145.0,"histogram":1.3235401505,"macd":0.1196486213,"rsi":54.5715172225,"signal":-1.2038915292,"sma":337.87,"ticker":"ANSS"},"10":{"Close":656.57,"Date":1624406400000,"High":657.204,"Low":630.04,"Open":631.87,"OpenInterest":0.0,"Volume":28566501.0,"histogram":6.7167525695,"macd":0.7086925494,"rsi":61.5153543123,"signal":-6.0080600201,"sma":628.202,"ticker":"TSLA"},"11":{"Close":512.74,"Date":1624406400000,"High":516.63,"Low":508.2,"Open":508.59,"OpenInterest":0.0,"Volume":3114921.0,"histogram":2.6323784374,"macd":0.6631147354,"rsi":60.4311910238,"signal":-1.969263702,"sma":503.532,"ticker":"NFLX"},"12":{"Close":171.19,"Date":1624320000000,"High":171.83,"Low":168.72,"Open":171.31,"OpenInterest":0.0,"Volume":537557.0,"histogram":0.5625680371,"macd":0.0142655225,"rsi":55.2592957257,"signal":-0.5483025146,"sma":169.498,"ticker":"CDW"},"13":{"Close":239.05,"Date":1624320000000,"High":239.42,"Low":236.27,"Open":236.53,"OpenInterest":0.0,"Volume":1111689.0,"histogram":1.9247665774,"macd":0.2018273915,"rsi":59.6106908509,"signal":-1.7229391859,"sma":235.528,"ticker":"WDAY"},"14":{"Close":546.88,"Date":1624233600000,"High":549.37,"Low":537.915,"Open":540.96,"OpenInterest":0.0,"Volume":317898.0,"histogram":1.3272781905,"macd":0.261955546,"rsi":62.1460799221,"signal":-1.0653226445,"sma":538.037,"ticker":"ORLY"},"15":{"Close":1468.855,"Date":1623974400000,"High":1482.73,"Low":1460.0,"Open":1465.1,"OpenInterest":0.0,"Volume":426671.0,"histogram":20.2319730757,"macd":4.4845712288,"rsi":61.4901871279,"signal":-15.7474018469,"sma":1438.921,"ticker":"MELI"},"16":{"Close":126.28,"Date":1623888000000,"High":126.75,"Low":122.335,"Open":122.63,"OpenInterest":0.0,"Volume":1996724.0,"histogram":1.35622293,"macd":0.1361068914,"rsi":58.7869273514,"signal":-1.2201160386,"sma":122.888,"ticker":"SPLK"},"17":{"Close":130.95,"Date":1623888000000,"High":131.49,"Low":127.03,"Open":127.03,"OpenInterest":0.0,"Volume":1017033.0,"histogram":0.8539649223,"macd":0.2359444789,"rsi":57.0168801635,"signal":-0.6180204433,"sma":129.79,"ticker":"CDNS"},"18":{"Close":129.74,"Date":1623715200000,"High":130.6,"Low":129.39,"Open":129.88,"OpenInterest":0.0,"Volume":53587032.0,"histogram":0.6354469841,"macd":0.1774977184,"rsi":57.7644926115,"signal":-0.4579492657,"sma":128.17042,"ticker":"AAPL"},"19":{"Close":3349.65,"Date":1623283200000,"High":3351.0,"Low":3281.15,"Open":3282.01,"OpenInterest":0.0,"Volume":3101042.0,"histogram":11.9967359503,"macd":0.1351278196,"rsi":61.1475534998,"signal":-11.8616081307,"sma":3260.108,"ticker":"AMZN"},"20":{"Close":134.24,"Date":1623283200000,"High":135.1,"Low":132.58,"Open":133.01,"OpenInterest":0.0,"Volume":4429745.0,"histogram":0.2765542643,"macd":0.0349586569,"rsi":52.1847204243,"signal":-0.2415956074,"sma":133.781,"ticker":"QCOM"},"21":{"Close":78.81,"Date":1623110400000,"High":79.27,"Low":78.0,"Open":78.9,"OpenInterest":0.0,"Volume":501893.0,"histogram":0.1839408752,"macd":0.0621183373,"rsi":56.5551011401,"signal":-0.1218225379,"sma":78.006,"ticker":"BMRN"},"22":{"Close":253.87,"Date":1623024000000,"High":254.09,"Low":249.81,"Open":249.84,"OpenInterest":0.0,"Volume":18401080.0,"histogram":0.521179342,"macd":0.3111714862,"rsi":57.8346889854,"signal":-0.2100078558,"sma":249.014,"ticker":"MSFT"},"23":{"Close":233.24,"Date":1622764800000,"High":234.89,"Low":209.935,"Open":209.935,"OpenInterest":0.0,"Volume":17700285.0,"histogram":3.701917504,"macd":0.4003876269,"rsi":70.1173228257,"signal":-3.3015298771,"sma":206.14,"ticker":"DOCU"},"24":{"Close":329.63,"Date":1622764800000,"High":331.03,"Low":318.5,"Open":321.3,"OpenInterest":0.0,"Volume":2405118.0,"histogram":0.7649735627,"macd":0.3541554125,"rsi":56.0605350039,"signal":-0.4108181502,"sma":321.896,"ticker":"LULU"},"25":{"Close":383.0,"Date":1622764800000,"High":387.95,"Low":375.0,"Open":379.52,"OpenInterest":0.0,"Volume":506238.0,"histogram":5.5320596498,"macd":1.1502292275,"rsi":61.4912693436,"signal":-4.3818304223,"sma":373.238,"ticker":"DXCM"},"26":{"Close":81.99,"Date":1622592000000,"High":82.6,"Low":80.66,"Open":81.0,"OpenInterest":0.0,"Volume":33784147.0,"histogram":0.7673929571,"macd":0.1809583426,"rsi":61.2629501141,"signal":-0.5864346144,"sma":79.926,"ticker":"AMD"},"27":{"Close":6.29,"Date":1622505600000,"High":6.3399,"Low":6.25,"Open":6.28,"OpenInterest":0.0,"Volume":15122636.0,"histogram":0.0516177373,"macd":0.0186586217,"rsi":61.024112969,"signal":-0.0329591156,"sma":6.161,"ticker":"SIRI"},"28":{"Close":127.92,"Date":1622505600000,"High":131.1,"Low":127.35,"Open":127.41,"OpenInterest":0.0,"Volume":1291448.0,"histogram":1.0025668611,"macd":0.09154311,"rsi":57.9263806659,"signal":-0.9110237511,"sma":125.178,"ticker":"XLNX"},"29":{"Close":260.03,"Date":1622160000000,"High":263.15,"Low":259.87,"Open":261.33,"OpenInterest":0.0,"Volume":3602304.0,"histogram":1.87544122,"macd":0.4669383399,"rsi":56.2291661967,"signal":-1.4085028801,"sma":259.4,"ticker":"PYPL"},"30":{"Close":472.48,"Date":1622160000000,"High":474.62,"Low":467.68,"Open":470.0,"OpenInterest":0.0,"Volume":1494472.0,"histogram":4.3562593591,"macd":1.461357469,"rsi":60.3010088338,"signal":-2.8949018902,"sma":464.006,"ticker":"AVGO"},"31":{"Close":326.61,"Date":1622073600000,"High":331.0,"Low":317.55,"Open":324.11,"OpenInterest":0.0,"Volume":2064813.0,"histogram":3.7022725704,"macd":0.7007105336,"rsi":56.6152341104,"signal":-3.0015620368,"sma":322.426,"ticker":"ZM"},"32":{"Close":328.9,"Date":1622073600000,"High":329.58,"Low":320.32,"Open":329.0,"OpenInterest":0.0,"Volume":960777.0,"histogram":0.8822912273,"macd":0.5085025232,"rsi":56.5507212063,"signal":-0.373788704,"sma":321.762,"ticker":"ULTA"},"33":{"Close":409.2,"Date":1622073600000,"High":409.51,"Low":396.57,"Open":397.49,"OpenInterest":0.0,"Volume":881060.0,"histogram":3.4021095382,