{"0":{"Close":113.845,"Date":1626307200000,"High":114.49,"Low":112.48,"Open":112.48,"OpenInterest":0.0,"Volume":865760.0,"histogram":0.3900797132,"macd":0.0923199417,"rsi":56.3208773838,"signal":-0.2977597715,"sma":111.209,"ticker":"NTES"},"1":{"Close":123.77,"Date":1625788800000,"High":124.59,"Low":119.2,"Open":119.2,"OpenInterest":0.0,"Volume":2456889.0,"histogram":0.3929072428,"macd":0.1923587897,"rsi":69.4498067009,"signal":-0.2005484531,"sma":118.552,"ticker":"CHKP"},"2":{"Close":53.7,"Date":1625616000000,"High":53.84,"Low":52.43,"Open":52.47,"OpenInterest":0.0,"Volume":2654565.0,"histogram":0.2041082144,"macd":0.1157631586,"rsi":65.5714423804,"signal":-0.0883450557,"sma":52.562,"ticker":"FAST"},"3":{"Close":113.4,"Date":1625097600000,"High":113.49,"Low":111.81,"Open":111.97,"OpenInterest":0.0,"Volume":4174267.0,"histogram":0.1843009309,"macd":0.0489262393,"rsi":56.6853653841,"signal":-0.1353746916,"sma":112.554,"ticker":"SBUX"},"4":{"Close":246.9,"Date":1625097600000,"High":247.1,"Low":243.55,"Open":243.74,"OpenInterest":0.0,"Volume":1641035.0,"histogram":0.9625319288,"macd":0.1680850768,"rsi":60.5316335712,"signal":-0.794446852,"sma":243.722,"ticker":"AMGN"},"5":{"Close":176.76,"Date":1625097600000,"High":177.06,"Low":175.21,"Open":175.5,"OpenInterest":0.0,"Volume":683266.0,"histogram":0.6243747539,"macd":0.2065281151,"rsi":57.3259633023,"signal":-0.4178466388,"sma":174.879,"ticker":"VRSK"},"6":{"Close":125.0,"Date":1625097600000,"High":125.355,"Low":124.0,"Open":124.0,"OpenInterest":0.0,"Volume":1275263.0,"histogram":0.845100321,"macd":0.0492571776,"rsi":58.1171846635,"signal":-0.7958431434,"sma":123.308,"ticker":"ROST"},"7":{"Close":78.22,"Date":1624579200000,"High":78.35,"Low":75.8,"Open":75.925,"OpenInterest":0.0,"Volume":15555490.0,"histogram":0.5841725262,"macd":0.1495975759,"rsi":63.6652076555,"signal":-0.4345749503,"sma":74.444,"ticker":"JD"},"8":{"Close":341.55,"Date":1624492800000,"High":344.91,"Low":339.56,"Open":342.4,"OpenInterest":0.0,"Volume":215145.0,"histogram":1.3235868998,"macd":0.1193750183,"rsi":54.5716958025,"signal":-1.2042118815,"sma":337.87,"ticker":"ANSS"},"9":{"Close":286.95,"Date":1624492800000,"High":289.1,"Low":285.88,"Open":286.71,"OpenInterest":0.0,"Volume":703947.0,"histogram":1.1022876745,"macd":0.3617492038,"rsi":56.6955442129,"signal":-0.7405384707,"sma":283.608,"ticker":"ADSK"},"10":{"Close":177.78,"Date":1624492800000,"High":178.655,"Low":175.04,"Open":175.04,"OpenInterest":0.0,"Volume":1221160.0,"histogram":0.9257511516,"macd":0.3468465572,"rsi":60.1206506356,"signal":-0.5789045944,"sma":172.54,"ticker":"SWKS"},"11":{"Close":656.57,"Date":1624406400000,"High":657.204,"Low":630.04,"Open":631.87,"OpenInterest":0.0,"Volume":28566501.0,"histogram":6.7165274509,"macd":0.7090695034,"rsi":61.5161183092,"signal":-6.0074579476,"sma":628.202,"ticker":"TSLA"},"12":{"Close":512.74,"Date":1624406400000,"High":516.63,"Low":508.2,"Open":508.59,"OpenInterest":0.0,"Volume":3114921.0,"histogram":2.6318965169,"macd":0.6646288035,"rsi":60.4308425884,"signal":-1.9672677134,"sma":503.532,"ticker":"NFLX"},"13":{"Close":171.19,"Date":1624320000000,"High":171.83,"Low":168.72,"Open":171.31,"OpenInterest":0.0,"Volume":537557.0,"histogram":0.562290667,"macd":0.0154585483,"rsi":55.2572474343,"signal":-0.5468321187,"sma":169.498,"ticker":"CDW"},"14":{"Close":546.88,"Date":1624233600000,"High":549.37,"Low":537.915,"Open":540.96,"OpenInterest":0.0,"Volume":317898.0,"histogram":1.3274188877,"macd":0.2587576095,"rsi":62.1072908681,"signal":-1.0686612782,"sma":538.037,"ticker":"ORLY"},"15":{"Close":1468.855,"Date":1623974400000,"High":1482.73,"Low":1460.0,"Open":1465.1,"OpenInterest":0.0,"Volume":426671.0,"histogram":20.2355059644,"macd":4.4841646513,"rsi":61.4848452796,"signal":-15.7513413131,"sma":1438.921,"ticker":"MELI"},"16":{"Close":126.28,"Date":1623888000000,"High":126.75,"Low":122.335,"Open":122.63,"OpenInterest":0.0,"Volume":1996724.0,"histogram":1.3561507008,"macd":0.1351891675,"rsi":58.7890779838,"signal":-1.2209615333,"sma":122.888,"ticker":"SPLK"},"17":{"Close":130.95,"Date":1623888000000,"High":131.49,"Low":127.03,"Open":127.03,"OpenInterest":0.0,"Volume":1017033.0,"histogram":0.8537313696,"macd":0.2373478843,"rsi":57.0244133963,"signal":-0.6163834853,"sma":129.79,"ticker":"CDNS"},"18":{"Close":129.74,"Date":1623715200000,"High":130.6,"Low":129.39,"Open":129.88,"OpenInterest":0.0,"Volume":53587032.0,"histogram":0.635353857,"macd":0.1771294801,"rsi":57.7473064572,"signal":-0.458224377,"sma":128.17042,"ticker":"AAPL"},"19":{"Close":3349.65,"Date":1623283200000,"High":3351.0,"Low":3281.15,"Open":3282.01,"OpenInterest":0.0,"Volume":3100961.0,"histogram":11.9992623405,"macd":0.1875886526,"rsi":61.1168862854,"signal":-11.8116736879,"sma":3260.108,"ticker":"AMZN"},"20":{"Close":134.24,"Date":1623283200000,"High":135.1,"Low":132.58,"Open":133.01,"OpenInterest":0.0,"Volume":4429677.0,"histogram":0.2767132537,"macd":0.0344678858,"rsi":52.1807162965,"signal":-0.2422453678,"sma":133.781,"ticker":"QCOM"},"21":{"Close":78.81,"Date":1623110400000,"High":79.27,"Low":78.0,"Open":78.9,"OpenInterest":0.0,"Volume":501893.0,"histogram":0.1839605348,"macd":0.062410224,"rsi":56.5366963258,"signal":-0.1215503108,"sma":78.006,"ticker":"BMRN"},"22":{"Close":253.87,"Date":1623024000000,"High":254.09,"Low":249.81,"Open":249.84,"OpenInterest":0.0,"Volume":18401080.0,"histogram":0.5219846821,"macd":0.3120659993,"rsi":57.8523862241,"signal":-0.2099186828,"sma":249.014,"ticker":"MSFT"},"23":{"Close":233.24,"Date":1622764800000,"High":234.89,"Low":209.935,"Open":209.935,"OpenInterest":0.0,"Volume":17700285.0,"histogram":3.7027893391,"macd":0.4016454816,"rsi":70.0905982534,"signal":-3.3011438576,"sma":206.14,"ticker":"DOCU"},"24":{"Close":329.63,"Date":1622764800000,"High":331.03,"Low":318.5,"Open":321.3,"OpenInterest":0.0,"Volume":2405118.0,"histogram":0.7662855827,"macd":0.3539654904,"rsi":56.0551814269,"signal":-0.4123200923,"sma":321.896,"ticker":"LULU"},"25":{"Close":383.0,"Date":1622764800000,"High":387.95,"Low":375.0,"Open":379.52,"OpenInterest":0.0,"Volume":506238.0,"histogram":5.5307719533,"macd":1.1476027151,"rsi":61.5098483459,"signal":-4.3831692382,"sma":373.238,"ticker":"DXCM"},"26":{"Close":81.99,"Date":1622592000000,"High":82.6,"Low":80.66,"Open":81.0,"OpenInterest":0.0,"Volume":33784147.0,"histogram":0.7677812067,"macd":0.1811882917,"rsi":61.2642778133,"signal":-0.5865929149,"sma":79.926,"ticker":"AMD"},"27":{"Close":6.29,"Date":1622505600000,"High":6.3399,"Low":6.25,"Open":6.28,"OpenInterest":0.0,"Volume":15122636.0,"histogram":0.0515055939,"macd":0.0186128894,"rsi":61.0091449952,"signal":-0.0328927045,"sma":6.161,"ticker":"SIRI"},"28":{"Close":127.92,"Date":1622505600000,"High":131.1,"Low":127.35,"Open":127.41,"OpenInterest":0.0,"Volume":1291448.0,"histogram":1.0024674625,"macd":0.0918807905,"rsi":57.9255831713,"signal":-0.9105866721,"sma":125.178,"ticker":"XLNX"},"29":{"Close":472.48,"Date":1622160000000,"High":474.62,"Low":467.68,"Open":470.0,"OpenInterest":0.0,"Volume":1494472.0,"histogram":4.3547164361,"macd":1.4642839765,"rsi":60.2699716695,"signal":-2.8904324596,"sma":464.006,"ticker":"AVGO"},"30":{"Close":260.03,"Date":1622160000000,"High":263.15,"Low":259.87,"Open":261.33,"OpenInterest":0.0,"Volume":3602304.0,"histogram":1.8744792806,"macd":0.4671049976,"rsi":56.2405953138,"signal":-1.4073742831,"sma":259.4,"ticker":"PYPL"},"31":{"Close":326.61,"Date":1622073600000,"High":331.0,"Low":317.55,"Open":324.11,"OpenInterest":0.0,"Volume":2064813.0,"histogram":3.7021393215,"macd":0.7008713322,"rsi":56.6240545291,"signal":-3.0012679893,"sma":322.426,"ticker":"ZM"},"32":{"Close":328.9,"Date":1622073600000,"High":329.58,"Low":320.32,"Open":329.0,"OpenInterest":0.0,"Volume":960777.0,"histogram":0.8830223571,"macd":0.5104697567,"rsi":56.5422321869,"signal":-0.3725526004,"sma":321.762,"ticker":"ULTA"},"33":{"Close":409.2,"Date":1622073600000,"High":409.51,"Low":396.57,"Open":397.49,"OpenInterest":0.0,"Volume":881060.0,"histogram":3.4070540981,